"序号","类","方法名","职责","关键参数","返回值","说明 / 依赖","被哪些用例引用","现状","优先级"
"1","BasePage","goto","跳转到指定 URL","url","None","已有","TC-LOGIN-012, TC-SIDE-005","已有","-"
"2","BasePage","click","点击元素","selector","None","已有","全部用例","已有","-"
"3","BasePage","fill","向输入框填文本","selector, text, sensitive","None","已有；密码传 sensitive=True 可脱敏日志","TC-LOGIN-*, TC-CHK1-*","已有","-"
"4","BasePage","get_text","读取单个元素文本","selector","str","已有","TC-CHK1-009, TC-FOOT-001","已有","-"
"5","BasePage","get_all_texts","读取多个元素文本列表","selector","list[str]","需新增；现有代码在页面类里直接调 all_inner_texts，未收敛到基类","TC-INV-001, TC-CART-002","需新增","P1"
"6","BasePage","parse_price","把 $12.34 这类文本转成 float","text_or_locator","float","需新增；金额校验类用例的基础工具","TC-INV-005, TC-CHK2-*","需新增","P0"
"7","BasePage","expect_visible","断言元素可见","selector","None","已有（assert_visible，建议按 expect_ 前缀统一命名）","TC-CART-001, TC-CHK2-001","需修改","P2"
"8","BasePage","expect_text","断言元素包含指定文本","selector, text","None","已有（assert_contains_text，建议改名）","TC-LOGIN-*, TC-CHK1-*","需修改","P2"
"9","BasePage","expect_url","断言当前 URL","url_or_pattern","None","已有","TC-LOGIN-001, TC-CART-007","已有","-"
"10","BasePage","expect_count","断言匹配元素个数","selector, n","None","需新增；用于商品数/购物车条目数断言","TC-INV-001, TC-INV-010","需新增","P1"
"11","BasePage","expect_hidden","断言元素不存在或不可见","selector","None","需新增；错误条消失、徽标消失都要用","TC-LOGIN-011, TC-INV-012","需新增","P1"
"12","BasePage","screenshot","截图并返回路径","name","Path","已有但从未被调用；应挂到 conftest 的失败钩子上","失败自动留痕","需修改","P1"
"13","LoginPage","open","打开登录页","无","LoginPage","已有","所有登录用例的前置","已有","-"
"14","LoginPage","login","纯登录动作（填表+提交），不含断言","username, password","InventoryPage","需修改；现版本内部含 expected_text 断言，必须剥离","TC-LOGIN-001","需修改","P0"
"15","LoginPage","login_expect_success","登录并断言跳转成功","username, password","InventoryPage","需新增；解决当前成功分支空断言假通过的问题","TC-LOGIN-001, TC-LOGIN-013","需新增","P0"
"16","LoginPage","login_expect_error","登录并断言错误文案","username, password, msg","None","需新增；失败用例全部走这一个方法","TC-LOGIN-002 ~ 010","需新增","P0"
"17","LoginPage","get_error_text","读取错误提示文本","无","str","已有（get_error_message，建议改名）","TC-LOGIN-012","需修改","P2"
"18","LoginPage","close_error","点击错误条关闭按钮","无","None","需新增；现有 POM 完全缺失该交互","TC-LOGIN-011","需新增","P2"
"19","LoginPage","expect_error_hidden","断言错误条已消失","无","None","需新增","TC-LOGIN-011, TC-CHK1-008","需新增","P2"
"20","InventoryPage","get_all_names","读取全部商品名称","无","list[str]","已有","TC-INV-001, TC-INV-003","已有","-"
"21","InventoryPage","get_all_prices","读取全部商品价格","无","list[float]","需新增；价格排序校验必需，现有实现只能比名字","TC-INV-005, TC-INV-006","需新增","P0"
"22","InventoryPage","get_items","读取全部商品对象","无","list[InventoryItem]","已有","TC-INV-010, TC-E2E-*","已有","-"
"23","InventoryPage","get_item","按名称读取单个商品对象","item_name","InventoryItem","已有","TC-INV-009, TC-CART-002","已有","-"
"24","InventoryPage","select_sort","选择排序方式","option: az/za/lohi/hilo","None","已有（select_to_sort，建议改名并给类型提示）","TC-INV-003 ~ 008","需修改","P2"
"25","InventoryPage","get_sort_value","读取排序框当前值","无","str","需新增；验证默认排序用","TC-INV-002","需新增","P1"
"26","InventoryPage","expect_item_count","断言商品卡片数量","n","None","需新增；替代硬编码 6，商品增减不炸用例","TC-INV-001","需新增","P1"
"27","InventoryPage","expect_title","断言页面标题文案","无","None","需新增","TC-CHK1-009 同类","需新增","P2"
"28","InventoryItem","add_to_cart","点击 Add to cart","无","None","已有（add_cart，建议改名与其他类统一）","TC-INV-009, TC-E2E-*","需修改","P2"
"29","InventoryItem","remove_from_cart","点击 Remove","无","None","已有（remove，建议改名）","TC-INV-011, TC-E2E-004","需修改","P2"
"30","InventoryItem","get_name","读取商品名称","无","str","已有（get_title，建议改名）","TC-INV-001, TC-DET-001","需修改","P2"
"31","InventoryItem","get_desc","读取商品描述","无","str","需新增；与详情页比对需要","TC-INV-001, TC-DET-001","需新增","P1"
"32","InventoryItem","get_price","读取商品价格","无","float","已有但返回带 $ 的字符串；建议改为返回 float，另留 get_price_text()","TC-INV-005, TC-CHK2-003","需修改","P0"
"33","InventoryItem","get_button_text","读取按钮当前文案","无","str","需新增；断言 Add to cart / Remove 切换必需","TC-INV-009 ~ 012, TC-DET-003","需新增","P0"
"34","InventoryItem","open_detail","点击标题或图片进入详情页","via: 'title' | 'img'","InventoryDetailPage","已有（enter_detail，魔法字符串建议改为枚举）","TC-INV-014, TC-INV-015","需修改","P1"
"35","InventoryItem","expect_button_text","断言按钮文案","text","None","需新增；可替代裸 expect","TC-INV-009","需新增","P2"
"36","InventoryDetailPage","get_name","读取详情页商品名","无","str","需新增；整页当前零覆盖","TC-DET-001","需新增","P0"
"37","InventoryDetailPage","get_desc","读取详情页描述","无","str","需新增","TC-DET-001","需新增","P1"
"38","InventoryDetailPage","get_price","读取详情页价格","无","float","需新增","TC-DET-001","需新增","P1"
"39","InventoryDetailPage","add_to_cart","详情页加购","无","None","需修改；现有 add_cart 断言的是 URL（严重 Bug），且按钮选择器 .btn_small btn_inventory 缺少类连接点","TC-DET-003","需修改","P0"
"40","InventoryDetailPage","remove_from_cart","详情页移除","无","None","需修改；同上，断言对象错误","TC-DET-004","需修改","P1"
"41","InventoryDetailPage","back_to_inventory","返回商品列表","无","InventoryPage","已有（back_InventoryPage，建议改名）","TC-DET-005","需修改","P1"
"42","InventoryDetailPage","expect_img_loaded","断言图片真实加载","无","None","需新增；用 naturalWidth 判断，错误推测法用例需要","TC-DET-007, TC-CHK3-002","需新增","P2"
"43","InventoryDetailPage","（类位置）","整页从 page/components/ 移到 page/","无","无","需修改；它是完整页面不是组件，放错层次会误导后续开发","架构调整","需修改","P1"
"44","Header","open_cart","点击购物车图标进入购物车","无","CartPage","已有（enter_cart，建议改名）","TC-CART-001, TC-E2E-*","需修改","P2"
"45","Header","open_sidebar","打开汉堡侧边栏","无","SideBar","已有（open_menu_click）；需确认返回 SideBar 对象可用","TC-SIDE-001","需修改","P1"
"46","Header","get_cart_badge","读取徽标数字","无","int","需新增；断言前后数量变化时比字符串断言更好用","TC-CART-004, TC-INV-011","需新增","P1"
"47","Header","expect_cart_badge","断言徽标数字","n","None","已有（assert_cartBadge_num，建议改名）","TC-INV-009, TC-INV-010","需修改","P2"
"48","Header","expect_cart_badge_hidden","断言徽标消失","无","None","已有（assert_cartBadge_not_visible，建议改名）","TC-INV-012, TC-CHK3-003","需修改","P2"
"49","SideBar","get_menu_items","读取全部菜单项文本","无","list[str]","需新增；现有 get_locator(chain) 循环首轮就 return，逻辑是坏的","TC-SIDE-001","需新增","P1"
"50","SideBar","click_all_items","点击 All Items","无","InventoryPage","需新增","TC-SIDE-002","需新增","P2"
"51","SideBar","click_about","点击 About","无","None","需新增；涉及新标签页，断言方式要单独设计","TC-SIDE-003","需新增","P2"
"52","SideBar","logout","点击 Logout","无","LoginPage","需新增；登出是核心安全功能，当前零覆盖","TC-SIDE-004","需新增","P0"
"53","SideBar","reset_app_state","点击 Reset App State","无","None","需新增","TC-SIDE-006","需新增","P1"
"54","SideBar","get_locator","（现有 chain 设计）","chain","None","需删除或重写；当前实现 for 循环第一轮无条件 return，chain.split 完全无效","-","需删除","P1"
"55","CartPage","get_all_names","读取购物车内商品名","无","list[str]","已有","TC-CART-002, TC-E2E-*","已有","-"
"56","CartPage","get_item","按名称读取购物车条目对象","item_name","CartItemInCart","已有","TC-CART-004","已有","-"
"57","CartPage","get_items","读取全部购物车条目","无","list[CartItemInCart]","已有（get_item_by_name，建议改名）","TC-CART-002","需修改","P2"
"58","CartPage","get_item_count","读取购物车条目数","无","int","需新增；移除前后的数量断言需要","TC-CART-004","需新增","P1"
"59","CartPage","remove_item","按名称移除商品","item_name","CartPage","需新增；测试层不应每次都 get_item().remove() 拼装","TC-CART-004, TC-CART-005","需新增","P1"
"60","CartPage","checkout","点击 Checkout 进入结算第一步","无","CheckInfoPage","已有（continue_checkInfo，建议改名）","TC-CART-007, TC-E2E-*","需修改","P2"
"61","CartPage","continue_shopping","点击 Continue Shopping 返回列表","无","InventoryPage","已有（back_shopping，建议改名）","TC-CART-006","需修改","P1"
"62","CartPage","expect_empty","断言购物车为空","无","None","需新增","TC-CART-001, TC-CHK3-005","需新增","P1"
"63","CartItemInCart","get_name","读取条目名称","无","str","需新增","TC-CART-002","需新增","P2"
"64","CartItemInCart","get_price","读取条目单价","无","float","需新增；现有用例只比名称没比价格","TC-CART-002","需新增","P1"
"65","CartItemInCart","get_qty","读取条目数量","无","int","需新增","TC-CART-002, TC-CART-003","需新增","P1"
"66","CartItemInCart","remove","移除该条目","无","None","已有","TC-CART-004","已有","-"
"67","CartItemInCart","add_cart","（购物车内没有 Add to cart 按钮）","无","None","需删除；购物车页不存在该按钮，属于无意义的复制粘贴方法","-","需删除","P2"
"68","CartItemInCheckoutOverview","get_price","读取结算页条目单价","无","float","需新增；金额计算用例的数据来源","TC-CHK2-003","需新增","P0"
"69","CartItemInCheckoutOverview","get_qty","读取结算页条目数量","无","int","需新增","TC-CHK2-001","需新增","P1"
"70","CheckInfoPage","fill_info","填写收货信息（纯动作）","first, last, zip","None","需修改；现有版本内部带断言，必须剥离到测试层","TC-CHK1-001 ~ 008","需修改","P0"
"71","CheckInfoPage","submit","点击 Continue","无","CheckoutOverviewPage","需新增；把「填表」和「提交」拆开，才能测错误态与状态迁移","TC-CHK1-002 ~ 008","需新增","P0"
"72","CheckInfoPage","checkout_success","填表+提交并断言进入第二步","first, last, zip","CheckoutOverviewPage","需新增；正向路径的便捷封装","TC-CHK1-001","需新增","P1"
"73","CheckInfoPage","cancel","点击 Cancel","无","CartPage","已有但没有返回值；不返回页面对象就无法串联后续断言","TC-CHK1-007, TC-E2E-005","需修改","P1"
"74","CheckInfoPage","get_error_text","读取错误提示","无","str","需新增","TC-CHK1-002 ~ 005","需新增","P2"
"75","CheckInfoPage","expect_error","断言错误文案","msg","None","需新增","TC-CHK1-002 ~ 005","需新增","P1"
"76","CheckInfoPage","expect_error_hidden","断言错误提示消失","无","None","需新增；验证错误态能否被正确清除","TC-CHK1-008","需新增","P1"
"77","CheckoutOverviewPage","get_all_names","读取订单摘要商品名","无","list[str]","已有","TC-CHK2-001","已有","-"
"78","CheckoutOverviewPage","get_all_items","读取订单摘要条目对象","无","list[CartItemInCheckoutOverview]","已有","TC-CHK2-001","已有","-"
"79","CheckoutOverviewPage","get_item_total","读取商品小计","无","float","需新增；现在测试直接访问 el.item_total，破坏封装","TC-CHK2-003 ~ 007","需新增","P0"
"80","CheckoutOverviewPage","get_tax","读取税额","无","float","需新增","TC-CHK2-004 ~ 007","需新增","P0"
"81","CheckoutOverviewPage","get_total","读取总价","无","float","需新增","TC-CHK2-005 ~ 007","需新增","P0"
"82","CheckoutOverviewPage","get_payment_info","读取支付方式文案","无","str","需新增","TC-CHK2-002","需新增","P2"
"83","CheckoutOverviewPage","get_shipping_info","读取配送方式文案","无","str","需新增","TC-CHK2-002","需新增","P2"
"84","CheckoutOverviewPage","finish","点击 Finish 进入完成页","无","CheckoutCompletePage","已有（continue_to，建议改名）","TC-CHK2-009, TC-E2E-*","需修改","P1"
"85","CheckoutOverviewPage","cancel","点击 Cancel 返回商品列表","无","InventoryPage","已有（back_shopping，建议改名；与 CartPage 同名方法语义要区分）","TC-CHK2-008","需修改","P1"
"86","CheckoutCompletePage","expect_order_complete","断言下单成功文案","无","None","需新增；整页当前无任何断言，等于链路没走完","TC-CHK3-001, TC-E2E-*","需新增","P0"
"87","CheckoutCompletePage","get_complete_header","读取成功标题","无","str","需新增","TC-CHK3-001","需新增","P1"
"88","CheckoutCompletePage","get_complete_text","读取成功副文案","无","str","需新增","TC-CHK3-001","需新增","P2"
"89","CheckoutCompletePage","back_to_inventory","点击 Back Home 返回列表","无","InventoryPage","已有（back_home_click，建议改名）","TC-CHK3-004, TC-CHK3-005","需修改","P1"
"90","CheckoutCompletePage","generate_pdf_order","（该元素在官方站点不存在）","无","None","需删除或确认；#generate-pdf-order 不是 saucedemo 官方元素","-","需删除","P2"
"91","Footer","expect_copyright","断言版权文案","无","None","已有（check_copyright）；需去掉硬编码的 © 2026，年份会过期","TC-FOOT-001","需修改","P2"
"92","Footer","get_social_href","读取社交链接地址","network","str","需新增；现有三个 locator 定义了但零使用","TC-FOOT-002","需新增","P2"
"93","utils/paths.py","ROOT / DATA_DIR","统一项目路径常量","无","Path","需新增；现在 4 个测试文件都硬编码了 D:\PycharmProject\saucedemo\data\Data.json","全部用例","需新增","P0"
"94","conftest.py","login_page 参数化","支持按用户登录的 fixture","username","LoginPage","需修改；现在只有写死 standard_user 一个，Users.json 没接线","TC-LOGIN-013, TC-SIDE-*","需修改","P1"
"95","conftest.py","失败自动截图","测试失败时调用 screenshot","无","None","需新增；把已有但闲置的 BasePage.screenshot 挂到 pytest_runtest_makereport","全部用例","需新增","P1"
"96","pytest.ini","python_files","让 pytest 能收集到用例","无","None","需修改；当前默认模式收集不到任何用例，裸跑 pytest 是 0 个","全部用例","需修改","P0"
"97","pytest.ini","markers","注册 smoke / regression 标记","无","None","需新增；支持按优先级选跑","全部用例","需新增","P2"
"98","tests/*","文件重命名","按 test_*.py 规范命名","无","None","需修改；现名 TestCart.py 等不匹配 pytest 默认收集模式","全部用例","需修改","P1"
