"编号","分组","重复点","文件","行号","现在的写法","替换为","前置依赖","备注"
"P01","G0-前置","新增 POM 方法","page/InventoryPage.py","—","没有 add_all_to_cart()，导致 10 处用例各自手写 get_inventoryItems() 再循环 add_cart()","def add_all_to_cart(self): for item in self.get_inventoryItems(): item.add_cart()","—","G1 的写法C 全部依赖它；G1 的写法A/B 可直接用已有的 add_cart_by_ids()"
"P02","G0-前置","新增基类方法","page/BasePage.py","—","_URL 散落在各页面类，用例必须自己拼 assert_url(xxx._URL)，共 17 处","加类属性 _URL: str | None = None；加 def expect_page(self): expect(self.page).to_have_url(self._URL)","—","G3 全部 17 处依赖它；同时消除私有属性穿越"
"P03","G0-前置","新增 POM 方法","page/CheckoutCompletePage.py","—","用例反复手写 assert_contains_text(complete_header, _TEXT['complete_header'])","def expect_order_complete(self): self.assert_contains_text(self.complete_header, self._TEXT['complete_header'])","—","G5 的 12 处依赖它"
"P04","G0-前置","补齐 POM 断言","page/CheckoutOverviewPage.py","45-52","已有 get_item_total()/get_tax()/get_total()，但用例仍在测试里自己求和、还直接摸 el.item_total","新增 expect_item_total(v) / expect_tax(v) / expect_total(v) / expect_payment_and_shipping()","—","G4 与 G6 依赖它"
"P05","G0-前置","API 拆分","page/CheckInfoPage.py","32-48","fill_info_submit 一个方法同时做：填表+提交+断言错误+断言URL+返回下一页，四种结果混在一起","拆成 fill_info() 与 submit()；错误断言移到测试层；成功判定改用 expect_page()","P02","G2 里那 20 处才能真正复用"
"P06","G0-前置","新增模块","flows/shopping_flow.py","—","跨页面的业务流程没有归属，只能在每个用例里重复拼装三到五行","新建 ShoppingFlow：add_products / goto_cart / goto_checkout_info / submit_checkout_info / finish / place_order","P01 P05","G2 与 G5 依赖它；建议先拿 test_e2e.py 试点"
"G1-01","G1-加购循环","写法A 逐 id 循环","tests/test_checkout.py","26-28","for id in test_ids: item = inventory_page.get_inventoryItemById(id); item.add_cart()","inventory_page.add_cart_by_ids(test_ids)","—","6 行变 1 行"
"G1-02","G1-加购循环","写法A 逐 id 循环","tests/test_checkout.py","58-60","同上","inventory_page.add_cart_by_ids(test_ids)","—",""
"G1-03","G1-加购循环","写法A 逐 id 循环","tests/test_checkout.py","83-85","同上","inventory_page.add_cart_by_ids(test_ids)","—",""
"G1-04","G1-加购循环","写法A 逐 id 循环","tests/test_checkout.py","98-100","同上","inventory_page.add_cart_by_ids(test_ids)","—",""
"G1-05","G1-加购循环","写法A 逐 id 循环","tests/test_cart.py","81-83","for id in test_ids: item = inventory_page.get_inventoryItemById(id); item.add_cart()","inventory_page.add_cart_by_ids(test_ids)","—",""
"G1-06","G1-加购循环","写法B 按 id 列表","tests/test_inventory.py","70-72","items = inventory_page.get_inventoryItemByIds(test_ids); for item in items: item.add_cart()","inventory_page.add_cart_by_ids(test_ids)","—","注意：本例后面还要用 items 做移除，需保留 items 变量"
"G1-07","G1-加购循环","写法B 按 id 列表","tests/test_inventory.py","83-85","items = inventory_page.get_inventoryItemByIds(test_ids); for item in items: item.add_cart()","inventory_page.add_cart_by_ids(test_ids)","—","本例后面要用 items 做移除，需保留 items 变量"
"G1-08","G1-加购循环","写法B 按 id 列表","tests/test_e2e.py","14-16","items = inventory_page.get_inventoryItemByIds(test_ids); for item in items: item.add_cart()","inventory_page.add_cart_by_ids(test_ids)","—",""
"G1-09","G1-加购循环","写法B 带信息收集","tests/test_cart.py","18-21","items = ...get_inventoryItemByIds(test_ids) 后循环 add_cart() 并 append(item.get_product_info())","items = inventory_page.get_inventoryItemByIds(test_ids); inventory_page.add_cart_by_ids(test_ids); info = [i.get_product_info() for i in items]","—","加购与收集信息分开写更清楚"
"G1-10","G1-加购循环","写法B 带信息收集","tests/test_cart.py","34-36","items = ...; for item in items: item.add_cart()","inventory_page.add_cart_by_ids(test_ids)","—",""
"G1-11","G1-加购循环","写法B 带信息收集","tests/test_cart.py","48-50","items = ...; for item in items: item.add_cart()","inventory_page.add_cart_by_ids(test_ids)","—",""
"G1-12","G1-加购循环","写法B 带信息收集","tests/test_cart.py","61-63","items = ...; for item in items: item.add_cart()","inventory_page.add_cart_by_ids(test_ids)","—",""
"G1-13","G1-加购循环","写法C 全部商品","tests/test_inventory.py","40-41","for inventoryItem in inventory_page.get_inventoryItems(): inventoryItem.add_cart()","inventory_page.add_all_to_cart()","P01",""
"G1-14","G1-加购循环","写法C 全部商品","tests/test_inventory.py","62-63","for i,item in enumerate(inventory_page.get_inventoryItemByIds(test_ids)): item.add_cart() 并逐个断言徽标","inventory_page.add_cart_by_ids(test_ids) 后单独断言徽标","—","带 enumerate 的逐个徽标断言建议改用 expect_cart_badge(n)"
"G1-15","G1-加购循环","写法C 全部商品","tests/test_checkout.py","129-131","items = inventory_page.get_inventoryItems(); for item in items: item.add_cart()","inventory_page.add_all_to_cart()","P01",""
"G1-16","G1-加购循环","写法C 全部商品","tests/test_checkout.py","156-158","同上","inventory_page.add_all_to_cart()","P01",""
"G1-17","G1-加购循环","写法C 全部商品","tests/test_checkout.py","177-179","同上","inventory_page.add_all_to_cart()","P01",""
"G1-18","G1-加购循环","写法C 全部商品","tests/test_checkout.py","197-199","同上","inventory_page.add_all_to_cart()","P01",""
"G1-19","G1-加购循环","写法C 全部商品","tests/test_e2e.py","44-46","items = inventory_page.get_inventoryItems(); for item in items: item.add_cart()","inventory_page.add_all_to_cart()","P01",""
"G1-20","G1-加购循环","写法C 全部商品","tests/test_e2e.py","59-61","同上","inventory_page.add_all_to_cart()","P01",""
"G1-21","G1-加购循环","写法C 全部商品","tests/test_e2e.py","69-70","for item in items: item.add_cart()（同一用例内第二次）","inventory_page.add_all_to_cart()","P01","这是「加购-移除-再加购」中的第二次加购"
"G1-22","G1-加购循环","写法C 全部商品","tests/test_e2e.py","84-86","items = inventory_page.get_inventoryItems(); for item in items: item.add_cart()","inventory_page.add_all_to_cart()","P01",""
"G1-23","G1-加购循环","写法C 全部商品","tests/test_e2e.py","102-104","同上","inventory_page.add_all_to_cart()","P01",""
"G1-24","G1-加购循环","写法C 全部商品","tests/test_sidebar.py","46-48","items = inventory_page.get_inventoryItems(); for item in items: item.add_cart()","inventory_page.add_all_to_cart()","P01",""
"G1-25","G1-加购循环","写法C 全部商品","conftest.py","43-44","fixture 内部 for item in inventory_page.get_inventoryItems(): item.add_cart()","见 G7-05：改用 ShoppingFlow 或 fixture 工厂","P01 P06","fixture 写死加购全部，和用例里的逻辑重叠"
"G2-01","G2-结算导航链","进车→结算1→填表提交","tests/test_checkout.py","61-64","cart_page = header.enter_cart(); checkInfo_page = cart_page.continue_checkInfo(); checkOverview_page = checkInfo_page.fill_info_submit('a','a','a')","flow.goto_cart() / flow.goto_checkout_info() / flow.submit_checkout_info(('a','a','a'))","P05 P06","中间夹了一行收集 cart_info，拆分后更清晰"
"G2-02","G2-结算导航链","进车→结算1→填表提交","tests/test_checkout.py","70-72","同上三行","flow.submit_checkout_info(('a','a','a'))","P05 P06",""
"G2-03","G2-结算导航链","进车→结算1→填表提交","tests/test_checkout.py","86-92","三行链中夹着价格求和","flow.submit_checkout_info(('a','a','a'))；价格用 overview.get_item_total()","P04 P05 P06",""
"G2-04","G2-结算导航链","进车→结算1→填表提交","tests/test_checkout.py","101-108","三行链中夹着价格求和与税额计算","flow.submit_checkout_info(('a','a','a'))；税额用 overview.get_tax()","P04 P05 P06",""
"G2-05","G2-结算导航链","进车→结算1→填表提交","tests/test_checkout.py","118-120","三行链","flow.submit_checkout_info(('a','a','a'))","P05 P06",""
"G2-06","G2-结算导航链","进车→结算1→填表提交","tests/test_checkout.py","139-141","三行链","flow.submit_checkout_info(('a','a','a'))","P05 P06",""
"G2-07","G2-结算导航链","进车→结算1→填表提交","tests/test_checkout.py","148-150","三行链","flow.submit_checkout_info(('a','a','a'))","P05 P06",""
"G2-08","G2-结算导航链","进车→结算1→填表提交","tests/test_checkout.py","159-161","三行链","flow.submit_checkout_info(('a','a','a'))","P05 P06",""
"G2-09","G2-结算导航链","进车→结算1→填表提交","tests/test_checkout.py","168-170","三行链","flow.submit_checkout_info(('a','a','a'))","P05 P06",""
"G2-10","G2-结算导航链","进车→结算1→填表提交","tests/test_checkout.py","180-182","三行链","flow.submit_checkout_info(('a','a','a'))","P05 P06",""
"G2-11","G2-结算导航链","进车→结算1→填表提交","tests/test_checkout.py","188-190","三行链","flow.submit_checkout_info(('a','a','a'))","P05 P06",""
"G2-12","G2-结算导航链","进车→结算1→填表提交","tests/test_checkout.py","200-202","三行链","flow.submit_checkout_info(('a','a','a'))","P05 P06",""
"G2-13","G2-结算导航链","进车→结算1→填表提交","tests/test_e2e.py","17-19","三行链（用 *user_info）","flow.submit_checkout_info(user_info)","P05 P06",""
"G2-14","G2-结算导航链","进车→结算1→填表提交","tests/test_e2e.py","31-33","三行链","flow.submit_checkout_info(user_info)","P05 P06",""
"G2-15","G2-结算导航链","进车→结算1→填表提交","tests/test_e2e.py","47-49","三行链","flow.submit_checkout_info(user_info)","P05 P06",""
"G2-16","G2-结算导航链","进车→结算1→填表提交","tests/test_e2e.py","62-64","三行链","flow.submit_checkout_info(user_info)","P05 P06",""
"G2-17","G2-结算导航链","进车→结算1→填表提交","tests/test_e2e.py","87-88","三行链的前两行（第三步是 cancel）","flow.goto_checkout_info()","P05 P06","用 goto_checkout_info() 截断在第一步，再调 cancel()"
"G2-18","G2-结算导航链","进车→结算1→填表提交","tests/test_e2e.py","90-92","Cancel 之后重新走一遍三行链","ShoppingFlow(inventory_page).submit_checkout_info(user_info)","P05 P06","从断点续接，这是流程层最大的价值"
"G2-19","G2-结算导航链","进车→结算1→填表提交","tests/test_e2e.py","105-107","三行链","flow.submit_checkout_info(user_info)","P05 P06",""
"G2-20","G2-结算导航链","进车→结算1→填表提交","tests/test_e2e.py","109-111","Cancel 之后重新走一遍三行链","ShoppingFlow(inventory_page).submit_checkout_info(user_info)","P05 P06",""
"G3-01","G3-URL断言","assert_url(xxx._URL)","tests/test_checkout.py","16","checkout_overviewPage.assert_url(checkout_overviewPage._URL)","checkout_overview_page.expect_page()","P02",""
"G3-02","G3-URL断言","assert_url(xxx._NEXT_URL)","tests/test_checkout.py","47","checkout_info_page.assert_url(checkout_info_page._NEXT_URL)","checkout_overview_page.expect_page()（应断言目标页而不是当前页）","P02 P05","这里断言的是「提交后到了哪一页」，用目标页对象更自然"
"G3-03","G3-URL断言","assert_url(xxx._URL)","tests/test_checkout.py","52","checkout_info_page.assert_url(checkout_info_page._URL)","checkout_info_page.expect_page()","P02",""
"G3-04","G3-URL断言","assert_url(xxx._URL)","tests/test_checkout.py","152","inventory_page.assert_url(inventory_page._URL)","inventory_page.expect_page()","P02",""
"G3-05","G3-URL断言","assert_url(xxx._URL)","tests/test_checkout.py","163","checkoutComplete_page.assert_url(checkoutComplete_page._URL)","checkout_complete_page.expect_page()","P02",""
"G3-06","G3-URL断言","assert_url(xxx._URL)","tests/test_checkout.py","193","inventory_page.assert_url(inventory_page._URL)","inventory_page.expect_page()","P02",""
"G3-07","G3-URL断言","assert_url(xxx._URL)","tests/test_cart.py","76","inventory_page.assert_url(inventory_page._URL)","inventory_page.expect_page()","P02",""
"G3-08","G3-URL断言","assert_url(xxx._URL)","tests/test_cart.py","86","Check_page.assert_url(Check_page._URL)","check_page.expect_page()","P02",""
"G3-09","G3-URL断言","assert_url(xxx._URL)","tests/test_cart.py","92","Check_page.assert_url(Check_page._URL)","check_page.expect_page()","P02",""
"G3-10","G3-URL断言","assert_url(xxx._URL)","tests/test_sidebar.py","24","inventory_page.assert_url(inventory_page._URL)","inventory_page.expect_page()","P02",""
"G3-11","G3-URL断言","assert_url(xxx._URL)","tests/test_sidebar.py","30","about_page.assert_url(about_page._URL)","about_page.expect_page()","P02",""
"G3-12","G3-URL断言","assert_url(xxx._URL)","tests/test_sidebar.py","36","login_page.assert_url(login_page._URL)","login_page.expect_page()","P02",""
"G3-13","G3-URL断言","assert_url(_URL+id) 含业务算法","tests/test_inventory.py","103","item.assert_url(item._URL+str(test_id - 1))","新增 InventoryItem.expect_detail_url()，把 id 映射收进 POM","P02","_URL 是私有属性，且 test_id-1 是业务规则，不该出现在用例里"
"G3-14","G3-URL断言","assert_url(_URL+id) 含业务算法","tests/test_inventory.py","113","item_detail_page.assert_url(item._URL+str(test_id-1))","item.expect_detail_url()","P02",""
"G3-15","G3-URL断言","assert_url(_URL+id) 含业务算法","tests/test_inventory.py","120","detail_page.assert_url(item._URL+str(test_id-1))","item.expect_detail_url()","P02",""
"G3-16","G3-URL断言","assert_url(_URL+id) 含业务算法","tests/test_inventory.py","127","detail_page.assert_url(item._URL+str(test_id-1))","item.expect_detail_url()","P02",""
"G3-17","G3-URL断言","assert_url(_URL+id) 含业务算法","tests/test_inventory.py","138","detail_page.assert_url(item._URL+str(test_id-1))","item.expect_detail_url()","P02",""
"G4-01","G4-常量文本断言","断言 _TEXT 常量","tests/test_checkout.py","51","assert_contains_text(continue_button, _TEXT['continue_button'])","checkout_info_page.expect_page_title()（把常量断言收进 POM）","P04",""
"G4-02","G4-常量文本断言","断言 _TEXT 常量","tests/test_checkout.py","73-78","两段 assert_contains_text(el.payment_info/_TEXT[...]) 与 (el.shipping_info/_TEXT[...])","checkout_overview_page.expect_payment_and_shipping()","P04","6 行变 1 行，且不再摸 el.payment_info"
"G4-03","G4-常量文本断言","断言 _TEXT 常量","tests/test_checkout.py","172-173","assert_contains_text(complete_header, _TEXT['complete_header'])","checkout_complete_page.expect_order_complete()","P03",""
"G4-04","G4-常量文本断言","断言 _TEXT 常量","tests/test_sidebar.py","57-58","assert_contains_text(footer.copyright, footer._TEXT['copyright'])","footer.expect_copyright()（并去掉 _COPYRIGHT_TEXT 与 _TEXT['copyright'] 的重复）","—","见 G8-01"
"G4-05","G4-常量文本断言","断言 _TEXT 常量","tests/test_sidebar.py","63-65","三次 footer.assert_href(footer.X/_TEXT['X']) 等","footer.expect_all_social_hrefs()","—","3 行变 1 行"
"G4-06","G4-常量文本断言","断言 _TEXT 常量","tests/test_e2e.py","21-22","assert_contains_text(complete_header, _TEXT['complete_header'])","checkout_complete_page.expect_order_complete()","P03",""
"G4-07","G4-常量文本断言","断言 _TEXT 常量","tests/test_e2e.py","35-36","同上","checkout_complete_page.expect_order_complete()","P03",""
"G4-08","G4-常量文本断言","断言 _TEXT 常量","tests/test_e2e.py","51-52","同上","checkout_complete_page.expect_order_complete()","P03",""
"G4-09","G4-常量文本断言","断言 _TEXT 常量","tests/test_e2e.py","66-67","同上","checkout_complete_page.expect_order_complete()","P03",""
"G4-10","G4-常量文本断言","断言 _TEXT 常量","tests/test_e2e.py","75-76","同上","checkout_complete_page.expect_order_complete()","P03",""
"G4-11","G4-常量文本断言","断言 _TEXT 常量","tests/test_e2e.py","94-95","同上","checkout_complete_page.expect_order_complete()","P03",""
"G4-12","G4-常量文本断言","断言 _TEXT 常量","tests/test_e2e.py","113-114","同上","checkout_complete_page.expect_order_complete()","P03",""
"G4-13","G4-常量文本断言","断言内部定位器 el.*","tests/test_checkout.py","93,109,123-125,142-144","assert_contains_text(el.item_total/el.tax/el.total, f\"Item total: ${...}\")","expect_item_total(v) / expect_tax(v) / expect_total(v)","P04","格式串 Item total: $ 散落在用例里，应收进 POM"
"G5-01","G5-完整下单链","finish + 完成页断言","tests/test_checkout.py","162-163","continue_to() 后 assert_url(checkoutComplete_page._URL)","flow.finish(user_info) 后 expect_page()","P02 P03 P06",""
"G5-02","G5-完整下单链","finish + 完成页断言","tests/test_checkout.py","171-173","continue_to() 后断言完成页文案","flow.finish(user_info) 后 expect_order_complete()","P03 P06","5 行变 2 行"
"G5-03","G5-完整下单链","finish + 完成页断言","tests/test_checkout.py","183-184","continue_to() 后 assert_hidden(header.shopping_cart_badge)","新增 checkout_complete_page.expect_cart_badge_hidden()","P03 P06","建议在 POM 里封装，避免用例摸 header.shopping_cart_badge"
"G5-04","G5-完整下单链","finish + 完成页断言","tests/test_checkout.py","191-193","continue_to() → back_home_click() → assert_url(_URL)","flow.finish(user_info).back_home_click() 后 expect_page()","P02 P06",""
"G5-05","G5-完整下单链","finish + 完成页断言","tests/test_checkout.py","203-204","continue_to() 后 header.enter_cart() 并断言 get_item_count()==0","flow.finish(user_info) 后 cart_page.expect_empty()","P06","CartPage.expect_empty() 已存在，可直接用"
"G5-06","G5-完整下单链","finish + 完成页断言","tests/test_e2e.py","20-22","continue_to() 后断言完成页文案","flow.place_order(user_info, ids=test_ids) 后 expect_order_complete()","P03 P06","整个用例可从 11 行压到 3 行"
"G5-07","G5-完整下单链","finish + 完成页断言","tests/test_e2e.py","34-36","同上","flow.place_order(user_info, ids=...)","P03 P06","单件最低价场景"
"G5-08","G5-完整下单链","finish + 完成页断言","tests/test_e2e.py","50-52","同上","flow.place_order(user_info) 后 expect_order_complete()","P03 P06","全部商品场景"
"G5-09","G5-完整下单链","finish + 完成页断言","tests/test_e2e.py","65-67","同上","flow.place_order(user_info) 后 expect_order_complete()","P03 P06",""
"G5-10","G5-完整下单链","同一用例内流程写两遍","tests/test_e2e.py","68-76","back_home 后把 G1 + G2 + G5 的代码整段复制第二遍","inventory_page = complete.back_home_click(); ShoppingFlow(inventory_page).place_order(user_info).expect_order_complete()","P03 P06","这是最该优先改的一处，同一用例内逐字重复"
"G5-11","G5-完整下单链","finish + 完成页断言","tests/test_e2e.py","93-95","Cancel 后重新下单并断言","ShoppingFlow(inventory_page).place_order(user_info) 后 expect_order_complete()","P03 P06","步骤一取消场景"
"G5-12","G5-完整下单链","finish + 完成页断言","tests/test_e2e.py","112-114","Cancel 后重新下单并断言","ShoppingFlow(inventory_page).place_order(user_info) 后 expect_order_complete()","P03 P06","步骤二取消场景"
"G6-01","G6-价格求和","手写累加","tests/test_checkout.py","87-90","prices = [item.get_price() ...]; price_total = float(); for price in prices: price_total += price","overview.get_item_total()","P04","改为用 POM 的 getter，测试不再自己算账"
"G6-02","G6-价格求和","手写累加","tests/test_checkout.py","102-105","同上 + round(price_total * 0.08, 2)","overview.get_item_total() 与 overview.get_tax()","P04",""
"G6-03","G6-价格求和","手写累加","tests/test_checkout.py","132-135","同上","overview.get_item_total() 与 overview.get_tax()","P04","三处逐字相同"
"G7-01","G7-清理","冗余 fixture 导入","tests/test_cart.py","1","from conftest import inventory_page","删除该行","—","pytest 自动发现 fixture，这行多余且误导"
"G7-02","G7-清理","冗余 fixture 导入","tests/test_checkout.py","3","from conftest import inventory_page","删除该行","—",""
"G7-03","G7-清理","冗余 fixture 导入","tests/test_sidebar.py","3","from conftest import inventory_page","删除该行","—",""
"G7-04","G7-清理","未使用的 import","tests/test_checkout.py","5；tests/test_sidebar.py","5","import pytest,random 中的 random 从未使用","改为 import pytest","—","两个文件都有"
"G7-05","G7-清理","fixture 与用例逻辑重叠","conftest.py","41-46","checkout_info_page fixture 写死「加购全部商品再进结算」，用例自己也在加购","改为 ShoppingFlow fixture 或 fixture 工厂，让用例自己声明前置数据","P06","只有 3-4 条用例用它"
"G7-06","G7-清理","类属性重复声明","tests/test_login.py 等 6 个文件","每个测试类首行","test_data = DataLoader(DATA_FILE) 在 6 个测试类里各写一遍","提到 conftest 里做 session 级 fixture，或在 DataLoader 内按路径缓存","—","同时也会重复解析 6 次 JSON"
"G7-07","G7-清理","伪参数","tests/test_inventory.py","15","def test_check_inventory_items(..., default_option:str='az')，用默认值当常量","直接写常量或改用 parametrize","—","pytest 会忽略带默认值的参数，能跑但容易误解"
"G7-08","G7-清理","无用数据键复用","tests/test_inventory.py","164","test_img_in_detail_show_normally 复用了 test_info_in_detail_and_cart 的数据键","补一个独立的数据键","—","疑似复制粘贴时忘改"
"G7-09","G7-清理","硬编码期望值","tests/test_cart.py","43","assert info_in_cart_list == [1,1,1]","assert info_in_cart_list == [1] * len(test_ids)","—","数据一改就挂"
"G7-10","G7-清理","未使用的方法","tests/test_cart.py","53","random.choice(test_ids) 无 seed，失败不可复现","固定 seed 或直接改用确定性的第一条","—","test_inventory.py:74 同问题"
"G8-01","G8-复制粘贴Bug","类内常量重复","page/components/Footer.py","6 与 8","_COPYRIGHT_TEXT 与 _TEXT['copyright'] 是同一个字符串，各写一遍","只保留一处，check_copyright 与用例共用","—","改一处不会同步；年份 2026 写死也会过期"
"G8-02","G8-复制粘贴Bug","分支复制后忘改","page/components/Footer.py","33-34","elif option == 'linkedin': return self.facebook.get_attribute('href')","改为 self.linkedin.get_attribute('href')","—","返回了 facebook 的链接；目前无调用所以未暴露"
"G8-03","G8-复制粘贴Bug","重复 API","page/components/CartItem.py","31 与 45","父类 get_qty() 与子类 get_quantity() 是同一件事两个名字","统一保留一个","—","用例用的是 get_quantity"
"G8-04","G8-复制粘贴Bug","无意义方法","page/components/CartItem.py","53-55","CartItemInCart.add_cart()：购物车里根本没有 Add to cart 按钮","删除","—","写不出任何用例"
"G8-05","G8-复制粘贴Bug","tax 公式语义偏差","page/CheckoutOverviewPage.py","48-49","get_tax() 用 round(self.get_item_total(),0) * 0.08","改为 round(self.get_item_total() * 0.08, 2)","—","当前数据集上两者巧合相等，换数据会偏"
